index,D_0__Eukaryota;D_1__Opisthokonta;D_2__Holozoa;D_3__Metazoa (Animalia);__;__,D_0__Eukaryota;D_1__Opisthokonta;D_2__Holozoa;D_3__Metazoa (Animalia);D_11__Neopterygii;D_12__Teleostei,D_0__Eukaryota;D_1__Opisthokonta;D_2__Holozoa;D_3__Metazoa (Animalia);D_9__Copepoda;D_10__Calanoida,D_0__Eukaryota;D_1__Opisthokonta;D_2__Holozoa;D_3__Metazoa (Animalia);D_10__Neoptera;D_11__Hymenoptera,D_0__Eukaryota;D_1__Opisthokonta;D_2__Holozoa;D_3__Metazoa (Animalia);D_9__Eumalacostraca;D_10__Eucarida,D_0__Eukaryota;D_1__Opisthokonta;D_2__Holozoa;D_3__Metazoa (Animalia);D_7__Hydroidolina;D_8__Leptothecata,D_0__Eukaryota;D_1__Opisthokonta;D_2__Holozoa;D_3__Metazoa (Animalia);D_10__Neoptera;D_11__Hemiptera,D_0__Eukaryota;D_1__Opisthokonta;D_2__Holozoa;D_3__Metazoa (Animalia);D_7__Chromadorea;D_8__Diplogasterida,D_0__Eukaryota;D_1__Opisthokonta;D_2__Holozoa;D_3__Metazoa (Animalia);D_7__Chromadorea;__,D_0__Eukaryota;D_1__Opisthokonta;D_2__Holozoa;D_3__Metazoa (Animalia);D_9__Phyllopoda;D_10__Diplostraca,D_0__Eukaryota;D_1__Opisthokonta;D_2__Holozoa;D_3__Metazoa (Animalia);D_7__Hydroidolina;D_8__Siphonophorae,D_0__Eukaryota;D_1__Opisthokonta;D_2__Holozoa;D_3__Metazoa (Animalia);D_8__Diplopoda;D_9__Penicillata,D_0__Eukaryota;D_1__Opisthokonta;D_2__Holozoa;D_3__Metazoa (Animalia);D_10__Neoptera;D_11__Diptera,D_0__Eukaryota;D_1__Opisthokonta;D_2__Holozoa;D_3__Metazoa (Animalia);D_7__Chromadorea;D_8__Tylenchida,D_0__Eukaryota;D_1__Opisthokonta;D_2__Holozoa;D_3__Metazoa (Animalia);D_10__Neoptera;D_11__Thysanoptera,D_0__Eukaryota;D_1__Opisthokonta;D_2__Holozoa;D_3__Metazoa (Animalia);D_10__Neoptera;D_11__Psocoptera,D_0__Eukaryota;D_1__Opisthokonta;D_2__Holozoa;D_3__Metazoa (Animalia);D_7__Hydroidolina;__,D_0__Eukaryota;D_1__Opisthokonta;D_2__Holozoa;D_3__Metazoa (Animalia);D_8__Ellipura;D_9__Collembola,D_0__Eukaryota;D_1__Opisthokonta;D_2__Holozoa;D_3__Metazoa (Animalia);D_6__Scyphozoa;D_7__Semaeostomeae,D_0__Eukaryota;D_1__Opisthokonta;D_2__Holozoa;D_3__Metazoa (Animalia);D_10__Neoptera;__,D_0__Eukaryota;D_1__Opisthokonta;D_2__Holozoa;D_3__Metazoa (Animalia);D_10__Neoptera;D_11__Coleoptera,D_0__Eukaryota;D_1__Opisthokonta;D_2__Holozoa;D_3__Metazoa (Animalia);D_5__Demospongiae;D_6__Verongiida,D_0__Eukaryota;D_1__Opisthokonta;D_2__Holozoa;D_3__Metazoa (Animalia);D_8__Rhabdocoela;D_9__Neodalyellida,D_0__Eukaryota;D_1__Opisthokonta;D_2__Holozoa;D_3__Metazoa (Animalia);D_7__Chromadorea;D_8__Monhysterida,D_0__Eukaryota;D_1__Opisthokonta;D_2__Holozoa;D_3__Metazoa (Animalia);D_5__Bilateria;D_6__Annelida,D_0__Eukaryota;D_1__Opisthokonta;D_2__Holozoa;D_3__Metazoa (Animalia);D_9__Decapodiformes;D_10__Teuthida,D_0__Eukaryota;D_1__Opisthokonta;D_2__Holozoa;D_3__Metazoa (Animalia);D_8__Pteriomorphia;D_9__Mytiloida,D_0__Eukaryota;D_1__Opisthokonta;D_2__Holozoa;D_3__Metazoa (Animalia);D_9__Copepoda;__,D_0__Eukaryota;D_1__Opisthokonta;D_2__Holozoa;D_3__Metazoa (Animalia);D_9__Copepoda;D_10__Cyclopoida,D_0__Eukaryota;D_1__Opisthokonta;D_2__Holozoa;D_3__Metazoa (Animalia);D_9__Thecostraca;D_10__Sessilia,D_0__Eukaryota;D_1__Opisthokonta;D_2__Holozoa;D_3__Metazoa (Animalia);D_8__Arachnida;__,D_0__Eukaryota;D_1__Opisthokonta;D_2__Holozoa;D_3__Metazoa (Animalia);D_8__Arachnida;D_9__Araneae,D_0__Eukaryota;D_1__Opisthokonta;D_2__Holozoa;D_3__Metazoa (Animalia);D_10__Neoptera;D_11__Orthoptera,D_0__Eukaryota;D_1__Opisthokonta;D_2__Holozoa;D_3__Metazoa (Animalia);D_7__Gastropoda;D_8__Heterobranchia,D_0__Eukaryota;D_1__Opisthokonta;D_2__Holozoa;D_3__Metazoa (Animalia);D_5__Demospongiae;__,D_0__Eukaryota;D_1__Opisthokonta;D_2__Holozoa;D_3__Metazoa (Animalia);D_8__Scolecida;D_9__Spionida,D_0__Eukaryota;D_1__Opisthokonta;D_2__Holozoa;D_3__Metazoa (Animalia);D_7__Bdelloidea;__,D_0__Eukaryota;D_1__Opisthokonta;D_2__Holozoa;D_3__Metazoa (Animalia);D_8__Palpata;D_9__Phyllodocida,D_0__Eukaryota;D_1__Opisthokonta;D_2__Holozoa;D_3__Metazoa (Animalia);D_6__Tentaculata;D_7__Cydippida,D_0__Eukaryota;D_1__Opisthokonta;D_2__Holozoa;D_3__Metazoa (Animalia);D_9__Copepoda;D_10__Harpacticoida,D_0__Eukaryota;D_1__Opisthokonta;D_2__Holozoa;D_3__Metazoa (Animalia);D_7__Acoelomorpha;D_8__Acoela,D_0__Eukaryota;D_1__Opisthokonta;D_2__Holozoa;D_3__Metazoa (Animalia);D_7__Monogononta;D_8__Ploimida,D_0__Eukaryota;D_1__Opisthokonta;D_2__Holozoa;D_3__Metazoa (Animalia);D_7__Rhabditophora;D_8__Macrostomida,D_0__Eukaryota;D_1__Opisthokonta;D_2__Holozoa;D_3__Metazoa (Animalia);D_7__Myriapoda;D_8__Pauropoda,D_0__Eukaryota;D_1__Opisthokonta;D_2__Holozoa;D_3__Metazoa (Animalia);D_7__Bdelloidea;D_8__Adinetida,D_0__Eukaryota;D_1__Opisthokonta;D_2__Holozoa;D_3__Metazoa (Animalia);D_6__Tentaculata;Ambiguous_taxa,D_0__Eukaryota;D_1__Opisthokonta;D_2__Holozoa;D_3__Metazoa (Animalia);D_6__Tentaculata;__,D_0__Eukaryota;D_1__Opisthokonta;D_2__Holozoa;D_3__Metazoa (Animalia);D_7__Gastropoda;D_8__Caenogastropoda,D_0__Eukaryota;D_1__Opisthokonta;D_2__Holozoa;D_3__Metazoa (Animalia);D_8__Rhabdocoela;D_9__Dalyellioida,Species,Year,Type,Plate,Well
ATPU21_12,0,2456,20,0,0,0,0,0,0,0,0,0,0,5,0,0,0,0,11,0,0,0,0,0,0,0,0,0,0,0,0,0,0,0,0,0,0,0,0,8,0,0,0,0,0,0,0,0,0,ATPU,2021,SAMPLE,3,
ATPU21_13,0,874,0,0,0,0,0,0,0,0,0,0,0,0,0,0,0,0,0,0,0,0,0,0,0,0,1626,0,0,0,0,0,0,0,0,0,0,0,0,0,0,0,0,0,0,0,0,0,0,ATPU,2021,SAMPLE,3,
ATPU21_14,0,2413,0,0,0,0,7,0,0,0,3,35,0,0,36,0,0,5,0,0,0,0,1,0,0,0,0,0,0,0,0,0,0,0,0,0,0,0,0,0,0,0,0,0,0,0,0,0,0,ATPU,2021,SAMPLE,3,
ATPU21_18,15,2440,0,0,0,0,0,0,0,0,39,0,0,0,0,0,0,0,6,0,0,0,0,0,0,0,0,0,0,0,0,0,0,0,0,0,0,0,0,0,0,0,0,0,0,0,0,0,0,ATPU,2021,SAMPLE,3,
ATPU21_2,3,2490,0,0,0,0,0,0,0,0,1,0,0,0,0,2,0,0,0,0,0,0,0,0,4,0,0,0,0,0,0,0,0,0,0,0,0,0,0,0,0,0,0,0,0,0,0,0,0,ATPU,2021,SAMPLE,3,
ATPU21_23,0,2500,0,0,0,0,0,0,0,0,0,0,0,0,0,0,0,0,0,0,0,0,0,0,0,0,0,0,0,0,0,0,0,0,0,0,0,0,0,0,0,0,0,0,0,0,0,0,0,ATPU,2021,SAMPLE,3,
ATPU21_3,0,1244,387,0,809,0,0,0,0,8,22,0,0,0,0,0,0,0,2,0,0,0,0,0,2,0,0,0,0,0,0,0,0,26,0,0,0,0,0,0,0,0,0,0,0,0,0,0,0,ATPU,2021,SAMPLE,3,
ATPU21_4,0,2446,19,0,4,0,3,0,0,0,24,0,0,0,0,0,0,0,4,0,0,0,0,0,0,0,0,0,0,0,0,0,0,0,0,0,0,0,0,0,0,0,0,0,0,0,0,0,0,ATPU,2021,SAMPLE,3,
ATPU21_7,16,971,982,19,2,2,0,268,0,0,17,0,0,0,0,0,0,28,21,0,2,9,0,159,0,0,0,0,0,0,0,0,0,0,4,0,0,0,0,0,0,0,0,0,0,0,0,0,0,ATPU,2021,SAMPLE,3,
ATPU21_8,0,2431,0,0,0,1,0,0,0,0,33,0,0,0,0,7,6,6,16,0,0,0,0,0,0,0,0,0,0,0,0,0,0,0,0,0,0,0,0,0,0,0,0,0,0,0,0,0,0,ATPU,2021,SAMPLE,3,
ATPU21_9,0,132,2368,0,0,0,0,0,0,0,0,0,0,0,0,0,0,0,0,0,0,0,0,0,0,0,0,0,0,0,0,0,0,0,0,0,0,0,0,0,0,0,0,0,0,0,0,0,0,ATPU,2021,SAMPLE,3,
ATPU22_1,27,2430,0,0,0,34,0,0,0,0,4,0,0,0,0,0,0,0,0,0,0,0,0,0,0,0,0,0,0,0,0,5,0,0,0,0,0,0,0,0,0,0,0,0,0,0,0,0,0,ATPU,2022,SAMPLE,1,C1
ATPU22_101,85,436,1900,0,0,0,0,0,0,0,62,0,0,0,0,0,0,0,0,0,0,0,0,0,11,0,0,6,0,0,0,0,0,0,0,0,0,0,0,0,0,0,0,0,0,0,0,0,0,ATPU,2022,SAMPLE,2,
ATPU22_103,0,2500,0,0,0,0,0,0,0,0,0,0,0,0,0,0,0,0,0,0,0,0,0,0,0,0,0,0,0,0,0,0,0,0,0,0,0,0,0,0,0,0,0,0,0,0,0,0,0,ATPU,2022,SAMPLE,2,
ATPU22_106,0,2408,92,0,0,0,0,0,0,0,0,0,0,0,0,0,0,0,0,0,0,0,0,0,0,0,0,0,0,0,0,0,0,0,0,0,0,0,0,0,0,0,0,0,0,0,0,0,0,ATPU,2022,SAMPLE,2,
ATPU22_108,0,2483,9,0,0,0,8,0,0,0,0,0,0,0,0,0,0,0,0,0,0,0,0,0,0,0,0,0,0,0,0,0,0,0,0,0,0,0,0,0,0,0,0,0,0,0,0,0,0,ATPU,2022,SAMPLE,2,
ATPU22_112,0,74,2426,0,0,0,0,0,0,0,0,0,0,0,0,0,0,0,0,0,0,0,0,0,0,0,0,0,0,0,0,0,0,0,0,0,0,0,0,0,0,0,0,0,0,0,0,0,0,ATPU,2022,SAMPLE,2,
ATPU22_115,0,2382,49,0,69,0,0,0,0,0,0,0,0,0,0,0,0,0,0,0,0,0,0,0,0,0,0,0,0,0,0,0,0,0,0,0,0,0,0,0,0,0,0,0,0,0,0,0,0,ATPU,2022,SAMPLE,2,
ATPU22_117,5,2492,0,0,0,0,0,0,0,0,0,0,0,0,0,0,0,0,0,0,0,0,0,0,0,0,0,0,0,0,0,0,0,0,0,0,0,0,0,0,0,3,0,0,0,0,0,0,0,ATPU,2022,SAMPLE,2,
ATPU22_121,17,912,1570,0,1,0,0,0,0,0,0,0,0,0,0,0,0,0,0,0,0,0,0,0,0,0,0,0,0,0,0,0,0,0,0,0,0,0,0,0,0,0,0,0,0,0,0,0,0,ATPU,2022,SAMPLE,2,
ATPU22_123,0,94,2341,0,54,0,0,0,0,0,0,0,0,0,0,0,0,0,0,0,0,0,0,0,0,0,0,0,0,0,0,0,0,0,0,0,0,0,11,0,0,0,0,0,0,0,0,0,0,ATPU,2022,SAMPLE,2,
ATPU22_126,0,2492,0,0,6,0,0,0,2,0,0,0,0,0,0,0,0,0,0,0,0,0,0,0,0,0,0,0,0,0,0,0,0,0,0,0,0,0,0,0,0,0,0,0,0,0,0,0,0,ATPU,2022,SAMPLE,2,
ATPU22_127,0,2270,225,0,0,0,0,0,0,0,5,0,0,0,0,0,0,0,0,0,0,0,0,0,0,0,0,0,0,0,0,0,0,0,0,0,0,0,0,0,0,0,0,0,0,0,0,0,0,ATPU,2022,SAMPLE,2,
ATPU22_13,0,806,1628,0,0,0,0,0,0,0,56,0,0,0,0,0,0,3,6,0,0,0,0,0,0,0,0,0,0,0,0,0,0,0,0,1,0,0,0,0,0,0,0,0,0,0,0,0,0,ATPU,2022,SAMPLE,1,H2
ATPU22_133,0,2500,0,0,0,0,0,0,0,0,0,0,0,0,0,0,0,0,0,0,0,0,0,0,0,0,0,0,0,0,0,0,0,0,0,0,0,0,0,0,0,0,0,0,0,0,0,0,0,ATPU,2022,SAMPLE,2,
ATPU22_135,0,2500,0,0,0,0,0,0,0,0,0,0,0,0,0,0,0,0,0,0,0,0,0,0,0,0,0,0,0,0,0,0,0,0,0,0,0,0,0,0,0,0,0,0,0,0,0,0,0,ATPU,2022,SAMPLE,2,
ATPU22_136,0,2283,208,0,4,0,0,0,0,0,0,0,0,0,0,0,0,0,0,0,0,0,0,0,0,0,0,0,0,5,0,0,0,0,0,0,0,0,0,0,0,0,0,0,0,0,0,0,0,ATPU,2022,SAMPLE,2,
ATPU22_14,2,2366,124,0,0,0,0,0,0,0,0,0,0,0,0,0,0,0,0,0,0,0,0,0,0,0,0,0,0,0,0,0,0,0,0,0,0,8,0,0,0,0,0,0,0,0,0,0,0,ATPU,2022,SAMPLE,1,A3
ATPU22_143,3,2487,0,0,0,0,0,0,10,0,0,0,0,0,0,0,0,0,0,0,0,0,0,0,0,0,0,0,0,0,0,0,0,0,0,0,0,0,0,0,0,0,0,0,0,0,0,0,0,ATPU,2022,SAMPLE,2,
ATPU22_145,1,2497,0,0,0,0,0,0,0,0,0,0,2,0,0,0,0,0,0,0,0,0,0,0,0,0,0,0,0,0,0,0,0,0,0,0,0,0,0,0,0,0,0,0,0,0,0,0,0,ATPU,2022,SAMPLE,2,
ATPU22_148,6,2115,365,0,0,0,0,0,0,0,0,0,0,0,0,0,0,0,0,0,0,0,0,0,0,0,0,0,0,0,0,0,0,0,14,0,0,0,0,0,0,0,0,0,0,0,0,0,0,ATPU,2022,SAMPLE,2,
ATPU22_150,0,2137,361,0,0,0,0,0,1,0,0,0,0,0,0,0,0,0,0,1,0,0,0,0,0,0,0,0,0,0,0,0,0,0,0,0,0,0,0,0,0,0,0,0,0,0,0,0,0,ATPU,2022,SAMPLE,2,
ATPU22_151,0,1068,0,0,119,0,0,0,0,0,0,0,0,0,0,0,0,0,0,0,0,0,0,0,0,1313,0,0,0,0,0,0,0,0,0,0,0,0,0,0,0,0,0,0,0,0,0,0,0,ATPU,2022,SAMPLE,2,
ATPU22_154,88,2395,6,0,0,0,0,0,0,0,0,0,0,0,0,0,0,0,0,6,5,0,0,0,0,0,0,0,0,0,0,0,0,0,0,0,0,0,0,0,0,0,0,0,0,0,0,0,0,ATPU,2022,SAMPLE,2,
ATPU22_159,0,770,92,0,0,0,0,0,6,1570,0,0,0,39,0,0,0,0,0,2,0,0,0,0,0,0,0,0,0,0,0,0,2,0,0,0,0,0,0,0,0,19,0,0,0,0,0,0,0,ATPU,2022,SAMPLE,2,
ATPU22_160,0,2309,0,0,0,0,0,22,0,0,0,0,0,0,0,0,0,168,0,0,0,0,0,0,0,0,0,0,0,0,0,0,0,0,0,0,0,0,0,0,0,0,0,1,0,0,0,0,0,ATPU,2022,SAMPLE,2,
ATPU22_161,0,2400,2,0,98,0,0,0,0,0,0,0,0,0,0,0,0,0,0,0,0,0,0,0,0,0,0,0,0,0,0,0,0,0,0,0,0,0,0,0,0,0,0,0,0,0,0,0,0,ATPU,2022,SAMPLE,2,
ATPU22_165,26,1148,1324,0,2,0,0,0,0,0,0,0,0,0,0,0,0,0,0,0,0,0,0,0,0,0,0,0,0,0,0,0,0,0,0,0,0,0,0,0,0,0,0,0,0,0,0,0,0,ATPU,2022,SAMPLE,2,
ATPU22_167,0,2492,0,0,0,0,1,0,0,0,0,0,0,0,0,0,0,0,5,0,0,0,0,0,0,0,2,0,0,0,0,0,0,0,0,0,0,0,0,0,0,0,0,0,0,0,0,0,0,ATPU,2022,SAMPLE,2,
ATPU22_168,3,2335,126,0,0,0,0,0,0,0,1,0,0,0,0,0,0,0,0,0,0,1,0,5,0,0,0,0,0,0,0,0,0,0,29,0,0,0,0,0,0,0,0,0,0,0,0,0,0,ATPU,2022,SAMPLE,2,
ATPU22_17,2131,0,0,0,0,0,19,0,0,0,0,0,0,0,0,307,0,18,0,25,0,0,0,0,0,0,0,0,0,0,0,0,0,0,0,0,0,0,0,0,0,0,0,0,0,0,0,0,0,FLD_BLANK,2022,FLD_BLANK,1,D3
ATPU22_170,3,2386,97,0,0,0,0,0,0,0,0,0,3,0,0,0,0,0,0,0,0,0,0,0,0,0,0,0,0,0,0,0,0,0,0,0,0,11,0,0,0,0,0,0,0,0,0,0,0,ATPU,2022,SAMPLE,2,
ATPU22_171,7,2049,0,0,0,0,3,434,0,0,0,0,0,0,0,0,0,0,0,0,0,0,0,0,0,0,0,0,0,0,0,0,0,0,7,0,0,0,0,0,0,0,0,0,0,0,0,0,0,ATPU,2022,SAMPLE,2,
ATPU22_173,8,1940,0,0,0,23,0,0,0,0,493,0,0,0,0,0,19,0,17,0,0,0,0,0,0,0,0,0,0,0,0,0,0,0,0,0,0,0,0,0,0,0,0,0,0,0,0,0,0,ATPU,2022,SAMPLE,3,
ATPU22_174,0,562,1792,0,24,0,0,0,0,0,0,0,0,0,0,0,0,0,0,0,0,0,0,0,0,122,0,0,0,0,0,0,0,0,0,0,0,0,0,0,0,0,0,0,0,0,0,0,0,ATPU,2022,SAMPLE,3,
ATPU22_176,2,280,2211,0,0,0,0,0,0,0,0,0,0,0,0,0,0,0,7,0,0,0,0,0,0,0,0,0,0,0,0,0,0,0,0,0,0,0,0,0,0,0,0,0,0,0,0,0,0,ATPU,2022,SAMPLE,3,
ATPU22_181,0,11,0,0,2487,0,0,0,0,0,2,0,0,0,0,0,0,0,0,0,0,0,0,0,0,0,0,0,0,0,0,0,0,0,0,0,0,0,0,0,0,0,0,0,0,0,0,0,0,ATPU,2022,SAMPLE,3,
ATPU22_182,15,1000,1482,0,0,0,0,0,0,0,0,0,0,0,0,0,0,0,2,0,0,0,0,0,1,0,0,0,0,0,0,0,0,0,0,0,0,0,0,0,0,0,0,0,0,0,0,0,0,ATPU,2022,SAMPLE,3,
ATPU22_184,1819,557,25,0,0,1,0,0,0,58,0,0,0,0,0,0,0,0,0,0,0,0,0,0,0,0,0,0,0,0,0,0,0,0,0,0,0,0,0,0,40,0,0,0,0,0,0,0,0,ATPU,2022,SAMPLE,3,
ATPU22_185,7,1811,682,0,0,0,0,0,0,0,0,0,0,0,0,0,0,0,0,0,0,0,0,0,0,0,0,0,0,0,0,0,0,0,0,0,0,0,0,0,0,0,0,0,0,0,0,0,0,ATPU,2022,SAMPLE,3,
ATPU22_187,0,2111,170,0,0,1,0,0,0,0,209,0,9,0,0,0,0,0,0,0,0,0,0,0,0,0,0,0,0,0,0,0,0,0,0,0,0,0,0,0,0,0,0,0,0,0,0,0,0,ATPU,2022,SAMPLE,3,
ATPU22_189,0,2433,63,0,0,0,0,0,0,0,0,0,0,0,0,0,0,4,0,0,0,0,0,0,0,0,0,0,0,0,0,0,0,0,0,0,0,0,0,0,0,0,0,0,0,0,0,0,0,ATPU,2022,SAMPLE,3,
ATPU22_19,0,378,2066,0,0,5,0,0,0,0,51,0,0,0,0,0,0,0,0,0,0,0,0,0,0,0,0,0,0,0,0,0,0,0,0,0,0,0,0,0,0,0,0,0,0,0,0,0,0,ATPU,2022,SAMPLE,1,F3
ATPU22_191,0,2430,0,0,0,5,0,0,0,0,1,0,0,0,0,0,0,0,0,0,0,0,0,0,0,0,0,0,0,0,0,0,0,0,61,0,0,3,0,0,0,0,0,0,0,0,0,0,0,ATPU,2022,SAMPLE,3,
ATPU22_192,0,2255,245,0,0,0,0,0,0,0,0,0,0,0,0,0,0,0,0,0,0,0,0,0,0,0,0,0,0,0,0,0,0,0,0,0,0,0,0,0,0,0,0,0,0,0,0,0,0,ATPU,2022,SAMPLE,3,
ATPU22_193,89,2411,0,0,0,0,0,0,0,0,0,0,0,0,0,0,0,0,0,0,0,0,0,0,0,0,0,0,0,0,0,0,0,0,0,0,0,0,0,0,0,0,0,0,0,0,0,0,0,ATPU,2022,SAMPLE,3,
ATPU22_194,0,18,0,0,0,0,15,0,0,0,0,0,0,0,0,0,0,0,0,28,0,0,0,0,0,0,0,0,0,0,0,0,0,0,0,0,0,2439,0,0,0,0,0,0,0,0,0,0,0,ATPU,2022,SAMPLE,3,
ATPU22_195,5,826,1653,0,0,0,16,0,0,0,0,0,0,0,0,0,0,0,0,0,0,0,0,0,0,0,0,0,0,0,0,0,0,0,0,0,0,0,0,0,0,0,0,0,0,0,0,0,0,ATPU,2022,SAMPLE,3,
ATPU22_198,0,42,2458,0,0,0,0,0,0,0,0,0,0,0,0,0,0,0,0,0,0,0,0,0,0,0,0,0,0,0,0,0,0,0,0,0,0,0,0,0,0,0,0,0,0,0,0,0,0,ATPU,2022,SAMPLE,3,
ATPU22_2,2,2390,47,0,0,17,0,0,0,0,25,0,0,0,0,0,0,0,13,0,0,0,0,0,0,0,0,0,0,0,0,0,0,0,0,0,0,0,6,0,0,0,0,0,0,0,0,0,0,ATPU,2022,SAMPLE,1,D1
ATPU22_200,0,2416,3,0,0,0,0,0,0,0,81,0,0,0,0,0,0,0,0,0,0,0,0,0,0,0,0,0,0,0,0,0,0,0,0,0,0,0,0,0,0,0,0,0,0,0,0,0,0,ATPU,2022,SAMPLE,3,
ATPU22_201,1,2498,0,0,0,0,0,0,1,0,0,0,0,0,0,0,0,0,0,0,0,0,0,0,0,0,0,0,0,0,0,0,0,0,0,0,0,0,0,0,0,0,0,0,0,0,0,0,0,ATPU,2022,SAMPLE,3,
ATPU22_202,0,2500,0,0,0,0,0,0,0,0,0,0,0,0,0,0,0,0,0,0,0,0,0,0,0,0,0,0,0,0,0,0,0,0,0,0,0,0,0,0,0,0,0,0,0,0,0,0,0,ATPU,2022,SAMPLE,3,
ATPU22_203,0,2386,100,0,14,0,0,0,0,0,0,0,0,0,0,0,0,0,0,0,0,0,0,0,0,0,0,0,0,0,0,0,0,0,0,0,0,0,0,0,0,0,0,0,0,0,0,0,0,ATPU,2022,SAMPLE,3,
ATPU22_204,0,2423,9,0,0,0,59,0,0,0,0,0,0,0,0,0,0,0,0,0,4,0,0,0,0,0,0,0,0,0,0,0,0,0,0,0,0,0,0,0,0,0,5,0,0,0,0,0,0,ATPU,2022,SAMPLE,3,
ATPU22_205,0,1037,1458,0,0,0,0,0,0,4,1,0,0,0,0,0,0,0,0,0,0,0,0,0,0,0,0,0,0,0,0,0,0,0,0,0,0,0,0,0,0,0,0,0,0,0,0,0,0,ATPU,2022,SAMPLE,3,
ATPU22_207,0,375,2125,0,0,0,0,0,0,0,0,0,0,0,0,0,0,0,0,0,0,0,0,0,0,0,0,0,0,0,0,0,0,0,0,0,0,0,0,0,0,0,0,0,0,0,0,0,0,ATPU,2022,SAMPLE,3,
ATPU22_208,8,1556,3,0,6,0,211,634,0,0,0,0,0,0,0,0,0,0,62,0,0,0,0,0,0,0,0,0,0,0,0,0,0,0,20,0,0,0,0,0,0,0,0,0,0,0,0,0,0,ATPU,2022,SAMPLE,3,
ATPU22_209,0,1124,864,0,420,5,0,0,0,0,1,0,0,0,0,0,0,0,81,0,0,0,0,0,3,0,0,0,0,0,0,0,0,0,0,1,0,1,0,0,0,0,0,0,0,0,0,0,0,ATPU,2022,SAMPLE,3,
ATPU22_21,3,405,1536,0,0,0,0,23,1,0,472,0,0,0,0,0,0,0,0,0,0,0,0,0,0,0,0,0,0,0,0,0,0,0,60,0,0,0,0,0,0,0,0,0,0,0,0,0,0,ATPU,2022,SAMPLE,1,H3
ATPU22_213,0,947,0,0,1553,0,0,0,0,0,0,0,0,0,0,0,0,0,0,0,0,0,0,0,0,0,0,0,0,0,0,0,0,0,0,0,0,0,0,0,0,0,0,0,0,0,0,0,0,ATPU,2022,SAMPLE,3,
ATPU22_217,0,2475,7,0,0,0,0,0,0,0,0,0,0,0,0,0,0,0,0,0,0,0,0,0,0,0,0,0,0,0,0,0,0,0,0,0,0,0,0,0,0,0,0,0,0,0,0,0,18,ATPU,2022,SAMPLE,3,
ATPU22_219,2500,0,0,0,0,0,0,0,0,0,0,0,0,0,0,0,0,0,0,0,0,0,0,0,0,0,0,0,0,0,0,0,0,0,0,0,0,0,0,0,0,0,0,0,0,0,0,0,0,ATPU,2022,SAMPLE,3,
ATPU22_22,42,2390,67,0,0,0,1,0,0,0,0,0,0,0,0,0,0,0,0,0,0,0,0,0,0,0,0,0,0,0,0,0,0,0,0,0,0,0,0,0,0,0,0,0,0,0,0,0,0,ATPU,2022,SAMPLE,1,A4
ATPU22_222,0,1341,1070,0,0,0,0,0,0,0,89,0,0,0,0,0,0,0,0,0,0,0,0,0,0,0,0,0,0,0,0,0,0,0,0,0,0,0,0,0,0,0,0,0,0,0,0,0,0,ATPU,2022,SAMPLE,3,
ATPU22_225,19,373,0,0,2008,0,13,0,0,0,87,0,0,0,0,0,0,0,0,0,0,0,0,0,0,0,0,0,0,0,0,0,0,0,0,0,0,0,0,0,0,0,0,0,0,0,0,0,0,ATPU,2022,SAMPLE,3,
ATPU22_24,0,2495,3,0,0,0,0,0,2,0,0,0,0,0,0,0,0,0,0,0,0,0,0,0,0,0,0,0,0,0,0,0,0,0,0,0,0,0,0,0,0,0,0,0,0,0,0,0,0,ATPU,2022,SAMPLE,1,C4
ATPU22_25,0,6,0,0,0,0,0,0,0,0,0,0,0,0,0,0,0,0,0,0,0,0,0,0,0,2494,0,0,0,0,0,0,0,0,0,0,0,0,0,0,0,0,0,0,0,0,0,0,0,ATPU,2022,SAMPLE,1,E4
ATPU22_26,0,1635,864,0,1,0,0,0,0,0,0,0,0,0,0,0,0,0,0,0,0,0,0,0,0,0,0,0,0,0,0,0,0,0,0,0,0,0,0,0,0,0,0,0,0,0,0,0,0,ATPU,2022,SAMPLE,1,F4
ATPU22_30,3,2495,0,0,0,0,2,0,0,0,0,0,0,0,0,0,0,0,0,0,0,0,0,0,0,0,0,0,0,0,0,0,0,0,0,0,0,0,0,0,0,0,0,0,0,0,0,0,0,ATPU,2022,SAMPLE,1,B5
ATPU22_31,3,1678,806,0,0,0,11,0,0,0,0,0,0,0,0,0,0,0,0,0,0,0,0,0,0,0,0,0,0,0,2,0,0,0,0,0,0,0,0,0,0,0,0,0,0,0,0,0,0,ATPU,2022,SAMPLE,1,C5
ATPU22_32,9,2375,90,0,21,0,0,0,0,0,5,0,0,0,0,0,0,0,0,0,0,0,0,0,0,0,0,0,0,0,0,0,0,0,0,0,0,0,0,0,0,0,0,0,0,0,0,0,0,ATPU,2022,SAMPLE,1,D5
ATPU22_33,22,78,3,0,0,0,0,0,0,0,11,0,0,0,0,0,0,0,0,0,0,0,0,0,0,2374,0,0,0,0,0,0,0,0,0,0,0,0,0,0,0,0,0,0,0,12,0,0,0,ATPU,2022,SAMPLE,1,E5
ATPU22_35,0,2464,32,0,0,0,2,0,0,0,0,0,0,0,2,0,0,0,0,0,0,0,0,0,0,0,0,0,0,0,0,0,0,0,0,0,0,0,0,0,0,0,0,0,0,0,0,0,0,ATPU,2022,SAMPLE,1,G5
ATPU22_40,0,2499,0,0,0,0,0,0,0,0,0,0,0,0,1,0,0,0,0,0,0,0,0,0,0,0,0,0,0,0,0,0,0,0,0,0,0,0,0,0,0,0,0,0,0,0,0,0,0,ATPU,2022,SAMPLE,1,D6
ATPU22_47,0,2491,4,0,5,0,0,0,0,0,0,0,0,0,0,0,0,0,0,0,0,0,0,0,0,0,0,0,0,0,0,0,0,0,0,0,0,0,0,0,0,0,0,0,0,0,0,0,0,ATPU,2022,SAMPLE,1,D7
ATPU22_48,0,1684,813,0,0,0,0,0,0,0,3,0,0,0,0,0,0,0,0,0,0,0,0,0,0,0,0,0,0,0,0,0,0,0,0,0,0,0,0,0,0,0,0,0,0,0,0,0,0,ATPU,2022,SAMPLE,1,E7
ATPU22_49,18,2472,6,0,0,0,0,0,0,4,0,0,0,0,0,0,0,0,0,0,0,0,0,0,0,0,0,0,0,0,0,0,0,0,0,0,0,0,0,0,0,0,0,0,0,0,0,0,0,ATPU,2022,SAMPLE,1,F7
ATPU22_5,49,2067,0,0,0,0,0,0,0,0,0,0,0,0,0,0,0,0,0,0,0,0,0,0,0,0,0,0,0,0,0,0,0,0,0,0,0,384,0,0,0,0,0,0,0,0,0,0,0,ATPU,2022,SAMPLE,1,G1
ATPU22_52,0,2490,6,0,0,0,0,0,0,0,0,0,0,0,0,0,0,0,4,0,0,0,0,0,0,0,0,0,0,0,0,0,0,0,0,0,0,0,0,0,0,0,0,0,0,0,0,0,0,ATPU,2022,SAMPLE,1,A8
ATPU22_58,1,461,2008,0,12,0,0,0,0,0,18,0,0,0,0,0,0,0,0,0,0,0,0,0,0,0,0,0,0,0,0,0,0,0,0,0,0,0,0,0,0,0,0,0,0,0,0,0,0,ATPU,2022,SAMPLE,1,G8
ATPU22_59,0,429,1989,0,82,0,0,0,0,0,0,0,0,0,0,0,0,0,0,0,0,0,0,0,0,0,0,0,0,0,0,0,0,0,0,0,0,0,0,0,0,0,0,0,0,0,0,0,0,ATPU,2022,SAMPLE,1,B9
ATPU22_6,0,2061,414,0,0,0,19,0,0,0,0,0,0,0,1,0,0,0,0,0,0,0,0,0,0,0,0,0,0,0,0,0,0,0,0,0,0,5,0,0,0,0,0,0,0,0,0,0,0,ATPU,2022,SAMPLE,1,H1
ATPU22_62,0,1279,1221,0,0,0,0,0,0,0,0,0,0,0,0,0,0,0,0,0,0,0,0,0,0,0,0,0,0,0,0,0,0,0,0,0,0,0,0,0,0,0,0,0,0,0,0,0,0,ATPU,2022,SAMPLE,1,E9
ATPU22_64,0,1257,1109,0,120,0,0,0,0,0,0,0,0,0,0,0,0,0,0,0,0,0,0,0,0,0,0,0,14,0,0,0,0,0,0,0,0,0,0,0,0,0,0,0,0,0,0,0,0,ATPU,2022,SAMPLE,1,G9
ATPU22_68,0,2488,12,0,0,0,0,0,0,0,0,0,0,0,0,0,0,0,0,0,0,0,0,0,0,0,0,0,0,0,0,0,0,0,0,0,0,0,0,0,0,0,0,0,0,0,0,0,0,ATPU,2022,SAMPLE,1,C10
ATPU22_73,6,2023,3,0,453,0,0,0,0,0,0,0,0,0,0,0,0,0,15,0,0,0,0,0,0,0,0,0,0,0,0,0,0,0,0,0,0,0,0,0,0,0,0,0,0,0,0,0,0,ATPU,2022,SAMPLE,1,A11
ATPU22_74,0,1298,8,0,0,32,0,0,0,0,1094,0,0,0,0,0,0,0,0,0,0,0,0,0,0,0,0,0,0,0,0,0,0,0,0,0,0,0,0,0,0,0,0,0,0,67,1,0,0,ATPU,2022,SAMPLE,1,B11
ATPU22_78,0,2325,171,0,0,0,0,0,0,0,0,0,0,4,0,0,0,0,0,0,0,0,0,0,0,0,0,0,0,0,0,0,0,0,0,0,0,0,0,0,0,0,0,0,0,0,0,0,0,ATPU,2022,SAMPLE,1,F11
ATPU22_79,0,9,2436,0,0,0,0,0,0,0,0,0,0,0,0,0,0,0,27,0,0,0,0,0,0,28,0,0,0,0,0,0,0,0,0,0,0,0,0,0,0,0,0,0,0,0,0,0,0,ATPU,2022,SAMPLE,1,G11
ATPU22_8,0,1838,233,0,0,0,0,0,0,0,0,0,0,0,0,0,0,0,0,0,0,0,0,0,0,423,0,0,0,0,0,0,0,0,0,0,0,0,0,0,0,0,0,6,0,0,0,0,0,ATPU,2022,SAMPLE,1,C2
ATPU22_80,0,1247,1250,0,3,0,0,0,0,0,0,0,0,0,0,0,0,0,0,0,0,0,0,0,0,0,0,0,0,0,0,0,0,0,0,0,0,0,0,0,0,0,0,0,0,0,0,0,0,ATPU,2022,SAMPLE,1,H11
ATPU22_83,96,1950,4,0,380,0,0,0,0,0,12,0,0,0,0,0,0,2,46,0,0,0,0,0,1,0,0,0,0,0,0,0,0,0,0,0,0,0,3,0,0,0,0,0,6,0,0,0,0,ATPU,2022,SAMPLE,1,C12
ATPU22_87,0,283,2210,0,1,0,0,0,0,0,0,0,0,0,0,0,0,0,0,0,2,0,0,0,0,0,0,0,0,0,0,0,0,0,0,0,0,3,0,0,0,0,0,0,0,0,0,1,0,ATPU,2022,SAMPLE,2,
ATPU22_88,0,1056,1441,0,3,0,0,0,0,0,0,0,0,0,0,0,0,0,0,0,0,0,0,0,0,0,0,0,0,0,0,0,0,0,0,0,0,0,0,0,0,0,0,0,0,0,0,0,0,ATPU,2022,SAMPLE,2,
ATPU22_9,13,2437,47,0,0,0,0,0,0,0,3,0,0,0,0,0,0,0,0,0,0,0,0,0,0,0,0,0,0,0,0,0,0,0,0,0,0,0,0,0,0,0,0,0,0,0,0,0,0,ATPU,2022,SAMPLE,1,D2
ATPU22_90,11,2421,22,0,0,0,3,0,0,0,0,0,0,0,0,0,0,0,43,0,0,0,0,0,0,0,0,0,0,0,0,0,0,0,0,0,0,0,0,0,0,0,0,0,0,0,0,0,0,ATPU,2022,SAMPLE,2,
ATPU22_92,0,2500,0,0,0,0,0,0,0,0,0,0,0,0,0,0,0,0,0,0,0,0,0,0,0,0,0,0,0,0,0,0,0,0,0,0,0,0,0,0,0,0,0,0,0,0,0,0,0,ATPU,2022,SAMPLE,2,
ATPU22_93,4,1131,15,1271,3,0,1,0,0,0,29,0,3,0,0,0,0,2,16,25,0,0,0,0,0,0,0,0,0,0,0,0,0,0,0,0,0,0,0,0,0,0,0,0,0,0,0,0,0,ATPU,2022,SAMPLE,2,
ATPU22_95,4,437,1558,0,0,0,0,0,0,0,501,0,0,0,0,0,0,0,0,0,0,0,0,0,0,0,0,0,0,0,0,0,0,0,0,0,0,0,0,0,0,0,0,0,0,0,0,0,0,ATPU,2022,SAMPLE,2,
ATPU22_98,0,884,1616,0,0,0,0,0,0,0,0,0,0,0,0,0,0,0,0,0,0,0,0,0,0,0,0,0,0,0,0,0,0,0,0,0,0,0,0,0,0,0,0,0,0,0,0,0,0,ATPU,2022,SAMPLE,2,
MOCK_ATPU1-1,0,2500,0,0,0,0,0,0,0,0,0,0,0,0,0,0,0,0,0,0,0,0,0,0,0,0,0,0,0,0,0,0,0,0,0,0,0,0,0,0,0,0,0,0,0,0,0,0,0,MOCK,NA,MOCK,1,A1
MOCK_ATPU2-1,0,2500,0,0,0,0,0,0,0,0,0,0,0,0,0,0,0,0,0,0,0,0,0,0,0,0,0,0,0,0,0,0,0,0,0,0,0,0,0,0,0,0,0,0,0,0,0,0,0,MOCK,NA,MOCK,2,
MOCK_ATPU3-1,1,2499,0,0,0,0,0,0,0,0,0,0,0,0,0,0,0,0,0,0,0,0,0,0,0,0,0,0,0,0,0,0,0,0,0,0,0,0,0,0,0,0,0,0,0,0,0,0,0,MOCK,NA,MOCK,3,
RBTR_SIN_AD_2020_041,1,725,0,0,0,0,0,0,1773,0,0,0,0,0,0,0,0,1,0,0,0,0,0,0,0,0,0,0,0,0,0,0,0,0,0,0,0,0,0,0,0,0,0,0,0,0,0,0,0,RBTR,2020,SAMPLE,3,
RBTR_SIN_AD_2020_050,0,88,0,0,0,0,0,0,324,0,0,0,0,0,0,0,0,2083,0,0,0,0,0,0,0,0,0,0,0,0,0,0,0,0,0,0,5,0,0,0,0,0,0,0,0,0,0,0,0,RBTR,2020,SAMPLE,3,
RBTR_SIN_AD_2020_052,0,0,0,0,0,0,0,0,2243,0,0,0,0,0,0,0,0,257,0,0,0,0,0,0,0,0,0,0,0,0,0,0,0,0,0,0,0,0,0,0,0,0,0,0,0,0,0,0,0,RBTR,2020,SAMPLE,3,
RBTR_SIN_AD_2020_057,0,468,0,0,0,0,0,0,2027,0,0,0,0,0,0,0,0,5,0,0,0,0,0,0,0,0,0,0,0,0,0,0,0,0,0,0,0,0,0,0,0,0,0,0,0,0,0,0,0,RBTR,2020,SAMPLE,3,
RBTR_SIN_AD_2020_058,0,675,0,0,0,0,0,0,1825,0,0,0,0,0,0,0,0,0,0,0,0,0,0,0,0,0,0,0,0,0,0,0,0,0,0,0,0,0,0,0,0,0,0,0,0,0,0,0,0,RBTR,2020,SAMPLE,3,
RBTR_SIN_AD_2020_059,0,1,0,0,0,0,0,0,2499,0,0,0,0,0,0,0,0,0,0,0,0,0,0,0,0,0,0,0,0,0,0,0,0,0,0,0,0,0,0,0,0,0,0,0,0,0,0,0,0,RBTR,2020,SAMPLE,3,